<?xml version="1.0" encoding="utf-8"?>
<!DOCTYPE hibernate-configuration PUBLIC "-//Hibernate/Hibernate Configuration DTD 3.0//EN"
        "http://hibernate.sourceforge.net/hibernate-configuration-3.0.dtd">
<hibernate-configuration>
    <session-factory>
        <!-- Configuración de la base de datos -->
        <property name="hibernate.connection.driver_class">com.mysql.cj.jdbc.Driver</property>
        <property name="hibernate.connection.url">jdbc:mysql://localhost:3306/gestion_ligas?useSSL=false&amp;serverTimezone=UTC</property>
        <property name="hibernate.connection.username">root</property>
        <property name="hibernate.connection.password"></property>

        <!-- Dialecto de Hibernate para MySQL -->
        <property name="hibernate.dialect">org.hibernate.dialect.MySQLDialect</property>

        <!-- Mostrar SQL en consola (opcional) -->
        <property name="hibernate.show_sql">false</property>
        <property name="hibernate.format_sql">false</property>

        <!-- Actualización automática de la base de datos (opcional, solo en desarrollo) -->
        <property name="hibernate.hbm2ddl.auto">update</property>
    </session-factory>
</hibernate-configuration>